ESL name,LP name,LP link,race,flag,notable
Adelscott,Adelscott,,,,1
Adonminus,Adonminus,,,,1
Angry,Angry,,,,1
AqueroN,AqueroN,,,,1
AreZsc2,AreZ,,,,1
Aristori,Aristori,,,,1
Armani.484,Armani,,,,1
arrogfire,arrogfire,,,,1
Arrogfire,Arrogfire,,,,1
ArT,ArT,,,,1
AshbringerSC2,Ashbringer,,,,1
Astrea,Astrea,,,,1
Avokado,Avokado,,,,1
aX hinO,hinO,,,,1
Babymarine,BabyMarine,,,,1
BattleB,BattleB,,,,1
Bekzhan,Bekzhan,,,,1
bioice,Bioice,,,,1
Bistork,Bistork,,,,1
Botvinnik,Botvinnik,,,,1
BratOK,Brat_OK,,,,1
ByuL,ByuL,,,,1
ByuN,ByuN,,,,1
CatZ,CatZ,,,,1
Chabby,Chabby,,,,1
Cham,Cham,,,,1
SC2Chance,Chance,Chance_(Korean_player),,,1
Classic,Classic,Classic_(Kim_Doh_Woo),,,1
Clem,Clem,,,,1
iGCoffeeMs,Coffee,,,,1
control,control,Control_(Russian_player),,,1
Creator,Creator,,,,1
Creature,Creature,,,,1
CripSeil,CripSeil,,,,1
CuKu,CuKu,,,,1
Cure,Cure,,,,1
Cyan,Cyan,,,,1
Damrud,Damrud,,,,1
Daniello,Daniello,,,,1
Dark,Dark,,,,1
Demi,Demi,,,,1
DeMusliM,DeMusliM,,,,1
Denver,Denver,,,,1
DIMAGA,DIMAGA,,,,1
DisK,DisK,,,,1
DisReSpeCT,DisReSpeCT,,,,1
Divinesia,Divinesia,,,,1
Djorjx,Djorjx,,,,1
DnS,DnS,,,,1
Dolan,Dolan,,,,1
DongRaeGu,DongRaeGu,,,,1
Dream,Dream,Dream_(Korean_Terran_player),,,1
DRG,DRG,,,,1
Dronehard,Dronehard,,,,1
eGGz,eGGz,,,,1
Eiger,Eiger,,,,1
Elazer,Elazer,,,,1
EnigmA,EnigmA,,,,1
Epic,Epic,,,,1
Eternity,Eternity,,,,1
Eurystheus,Eurystheus,,,,1
Exostriker,Exostriker,,,,1
Fallenger,Fallenger,,,,1
FeaR,FeaR,,,,1
FightingFrog,FightingFrog,,,,1
Firefly,Firefly,,,,1
Fjant,Fjant,,,,1
Flood,Flood,,,,1
ForJumy,ForJumy,,,,1
FoxeR,FoxeR,,,,1
FrisK,FrisK,,,,1
FunK,FunK,,,,1
Garitos,Garitos,,,,1
Gemini,Gemini,Gemini_(American_player),,,1
Gerald,Gerald,,,,1
Ghosti,Ghosti,,,,1
goblin,goblin,,,,1
GogojOey,GogojOey,,,,1
Golden,Golden,,,,1
GreatTeacher,GreatTeacher,,,,1
gumiho,GuMiho,,,,1
GunGFuBanDa,GunGFuBanDa,,,,1
Harstem,Harstem,,,,1
Has,Has,,,,1
Hellraiser,Hellraiser,,,,1
herO,herO,HerO(jOin),,,1
herO,herO,herO(jOin),,,1
HeroMarine,HeRoMaRinE,,,,1
HHQuanTa,HHQuanTa,,,,1
Hoodra,HiGhDrA,,,,1
HolyHit,HolyHit,,,,1
HonMonO,HonMonO,,,,1
Hopt,Hopt,,,,1
Hupsaiya,Hupsaiya,,,,1
hyperion,hyperion,,,,1
Hyperion,Hyperion,,,,1
Iba,Iba,,,,1
iba,iba,,,,1
Indy,Indy,,,,1
IntoTheiNu,IntoTheiNu,,,,1
iNu,iNu,,,,1
INu,INu,,,,1
jaedongoz,jaedongoz,,,,1
JuggernautJason,Jason,,,,1
JEROS,JEROS,,,,1
Jieshi,Jieshi,,,,1
JimRising,JimRising,,,,1
Jinioh,Jinioh,,,,1
jinioh,jinioh,,,,1
JoliwaLoves,JoliwaLoves,,,,1
kaozfate,kaozfate,,,,1
Kas,Kas,,,,1
KeeN,KeeN,,,,1
Keiras,Keiras,,,,1
Kelazhur,Kelazhur,,,,1
KingCobra,KingCobra,,,,1
kiwian,kiwian,,,,1
Kozan,Kozan,,,,1
Krystianer,Krystianer,,,,1
Lambo,Lambo,,,,1
LeFaucheur,LeFaucheur,,,,1
Legendk,Legendk,,,,1
Light,Light,Light_(Romanian_player),,,1
LIGHTWEIGHT,LIGHTWEIGHT,,,,1
LunaSea,LunaSea,,,,1
Luolis,Luolis,,,,1
Mackintac,Mackintac,,,,1
MacSed,MacSed,,,,1
Magnath,Magnath,,,,1
Majinbu,Majinbu,,,,1
MaNa,MaNa,,,,1
Maplez,Maplez,,,,1
MariK,MariK,,,,1
MarsBar,MarsBar,,,,1
MasterVasya,MasterVasya,,,,1
Matrixx,Matrixx,,,,1
MaxPax,MaxPax,,,,1
MCanning,MCanning,,,,1
MeomaikA,MeomaikA,,,,1
MilkiCow,MilkiCow,,,,1
MindelVK,MindelVK,,,,1
Mirzo,Mirzo,,,,1
Mixu,Mixu,,,,1
MogarFNSMASH,MogarFNSMASH,,,,1
Moja,Moja,,,,1
MonstR,MonstR,,,,1
Narra,Narra,,,,1
NaXin,NaXin,,,,1
Neeblet,Neeb,,,,1
NeosShaggy,NeosShaggy,,,,1
Nerchio,Nerchio,,,,1
Neuro,Neuro,,,,1
Nice,Nice,,,,1
Nicoract,Nicoract,,,,1
NightMare,NightMare,,,,1
NightPhoenix,NightPhoenix,,,,1
Nina,Nina,,,,1
Ninjasc2,Ninja,Ninja_(American_player),,,1
Nitix,Nitix,,,,1
Oreo,Oreo,,,,1
PAPl,PAPI,,,,1
PappiJoe,PappiJoe,,,,1
PattyMac,PattyMac,,,,1
Percival,Percival,,,,1
PiG,PiG,,,,1
poizon,poizon,,,,1
PiLiPiLi,PiLiPiLi,,,,1
Prince,Prince,,,,1
Prototype,Prototype,,,,1
PsiOniC,PsiOniC,,,,1
PtitDrogo,PtitDrogo,,,,1
Punk,Punk,,,,1
PuPu,PuPu,,,,1
Puzzle,Puzzle,,,,1
Quantel,Quantel,,,,1
RagnaroK,RagnaroK,,,,1
Rail,Rail,,,,1
Ranger,Ranger,,,,1
Rattata,Rattata,,,,1
Raza,Raza,,,,1
reaper,Reaper,Reaper_(American_player),,,1
ReBellioN,ReBellioN,,,,1
Replicant,Replicant,Replican_(Kazakh_player),,,1
Revolution,Revolution,,,,1
ReWhite,ReWhite,,,,1
Rex,Rex,,,,1
Reynor,Reynor,,,,1
Rhizer,Rhizer,,,,1
Rhoust,Rhoust,,,,1
Rob,Rob,,,,1
RekcOr,RockEr,,,,1
Rodzyn,Rodzyn,,,,1
Rogue,Rogue,,,,1
Rom,Rom,,,,1
RotterdaM,RotterdaM,,,,1
RuFF,RuFF,,,,1
Ruiyichi1693,Ruiyichi,,,,1
Ryung,Ryung,,,,1
SabeRLighT,SabeRLighT,,,,1
SaLemandr,SaLemandr,,,,1
Scarlett,Scarlett,,,,1
Serral,Serral,,,,1
ShaDoWn,ShaDoWn,,,,1
Shino,Shino,,,,1
ShoWTimE,ShoWTimE,,,,1
Silky,Silky,,,,1
SKillous,SKillous,,,,1
Skyler,Skyler,,,,1
SlayersMvP,SlayersMvP,,,,1
SlyCrab,SlyCrab,,,,1
Smile,Smile,Smile_(Peruvian_player),,,1
Snoxtar,Snoxtar,,,,1
Solar,Solar,,,,1
soo,soO,,,,1
SoulSpirit,SoulSpirit,,,,1
Spatz,Spatz,,,,1
Spazymazy,Spazymazy,,,,1
SpeCial,SpeCial,,,,1
Spirit,Spirit,,,,1
StarDuck,StarDuck,,,,1
Steadfast,Steadfast,,,,1
Strange,Strange,,,,1
SunSet,SunSet,,,,1
SWPro,SWPro,,,,1
Takanashi,Takanashi,,,,1
tavo,tavo,,,,1
TcUltimate,TcUltimate,,,,1
TheMusZero,TheMusZero,,,,1
TheZergLord,TheZergLord,,,,1
TIME,TIME,,,,1
TKL,TKL,,,,1
Trap,Trap,,,,1
Trifax,Trifax,,,,1
TriGGeR,TriGGeR,,,,1
trigger,trigger,,,,1
TRUE,TRUE,,,,1
uThermal,uThermal,,,,1
Vindicta,Vindicta,,,,1
vmgNarra,vmgNarra,,,,1
Voltz,Voltz,,,,1
Whiteidra,WhiteIdra,,,,1
Endeavor,YanXII,,,,1
YoungStar,YoungStar,,,,1
YoungYakov,YoungYakov,,,,1
Zest,Zest,,,,1
Ziomek,Ziomek,,,,1
Zoun,Zoun,,,,1
AaRaSs,AaRaSs,,z,fr,0
acheron,acheron,,p,us,0
Adrrich,Adrrich,,t,mx,0
Alpha,Alpha,,t,ru,0
awaken,awaken,,z,ph,0
awu,awu,,z,cn,0
Azura,Azura,,p,it,0
BadBorz,BadBorz,,z,pl,0
BaRaGooD,BaRaGooD,,p,fr,0
Blueming,Blueming,,t,cn,0
blueming,blueming,,t,cn,0
Blutmilan,Blutmilan,,p,de,0
Bumbz,Bumbz,,p,se,0
Bush,Bush,,p,lt,0
CAM,CAM,,p,us,0
CHAO,CHAO,,t,cn,0
Chao,Chao,,t,cn,0
chelseafan,chelseafan,,p,us,0
Clown,Clown,,p,cn,0
CristianoX,CristianoX,,p,cl,0
Crown,Crown,,t,cl,0
Daenerys,Daenerys,,z,pl,0
danceparty,danceparty,,z,us,0
Daydreamer,Daydreamer,,p,cn,0
Deca,Deca,,p,fr,0
Dobro,Dobro,,p,ua,0
Dreamatose,Dreamatose,,p,us,0
Dro,Dro,,p,us,0
Elstubert,Elstubert,,p,us,0
Faint,Faint,,z,kr,0
Flexy,Flexy,,p,pl,0
fork,fork,,p,kr,0
Frosty,Frosty,,z,ca,0
GuitarKing,GuitarKing,,p,lt,0
Haku,Haku,,z,de,0
happystick,happystick,,p,us,0
Hardwell,Hardwell,,p,us,0
Holden,Holden,,p,us,0
HondaCivic,HondaCivic,,p,cn,0
illustrated,illustrated,,p,de,0
iloveoof,iloveoof,,t,us,0
iMpulse,iMpulse,,t,us,0
JasonStatham,JasonStatham,,p,hu,0
JHONATANCV,JHONATANCV,,z,pe,0
JonBom,JonBom,,t,be,0
kazmir,kazmir,,z,us,0
Khamul,Khamul,,t,ru,0
KnockKnock,KnockKnock,,t,tw,0
Lover,Lover,,t,cn,0
Madongsuck,Madongsuck,,t,kr,0
maelstrom,maelstrom,,z,fr,0
Maltheredin,Maltheredin,,p,se,0
marco,marco,,t,id,0
Meowerdoom,Meowerdoom,,z,us,0
meowerdoom,meowerdoom,,z,us,0
Molten,Molten,,p,uk,0
Neuling,Neuling,,p,de,0
Nihed,Nihed,,t,hu,0
NoMercy,NoMercy,,t,de,0
NOOBER,NOOBER,,z,se,0
Nuguri,Nuguri,,z,ru,0
papastreck,papastreck,,p,ua,0
Pete,Pete,,z,fi,0
PhleBuster,PhleBuster,,z,fi,0
Poker,Poker,,p,us,0
Poryphorion,Poryphorion,,t,ca,0
PrinzOnFire,PrinzOnFire,,p,ua,0
probeiuscorp,ProbeiusCorp,,t,us,0
ProbeScout,ProbeScout,,p,us,0
pudgey,pudgey,,p,uk,0
Pudgey,Pudgey,,p,uk,0
Rask,Rask,,z,jp,0
ReaLiTy,ReaLiTy,,p,us,0
saVer,saVer,,p,de,0
SharKRippeR,SharKRippeR,,t,de,0
SilentHazard,SilentHazard,,t,mx,0
SimplyHunter,SimplyHunter,,t,pe,0
Slayer,Slayer,,p,us,0
Slip,Slip,,t,us,0
SlipJip,SlipJip,,p,us,0
Sonic,Sonic,,t,de,0
St0nedas,St0nedas,,p,au,0
StarAtt,StarAtt,,p,tw,0
StephenCurry,StephenCurry,,p,kr,0
Strannik,Strannik,,z,ru,0
sunshine,sunshine,,z,au,0
Sunshine,Sunshine,,z,au,0
Syrril,Syrril,,z,fr,0
TheMarine,TheMarine,,t,us,0
TheMoeHawk,TheMoeHawk,,p,my,0
threepoint,threepoint,,z,kr,0
UedSoldier,UedSoldier,,p,ru,0
Unobomber,Unobomber,,t,kr,0
UpATree,UpATree,,t,ca,0
Vanish,Vanish,,p,ca,0
Vanish,Vanish,,t,ca,0
VelvetCrowe,VelvetCrowe,,p,de,0
Vipor,Vipor,,z,us,0
Warlord,Warlord,,p,us,0
WhoSly,WhoSly,,t,us,0
xiaohe,xiaohe,,t,cn,0
YourBroChris,YourBroChris,,p,no,0
Yoyo_sc2,Yoyo,,p,us,0
yoyo,yoyo,,z,us,0
Yoyo,Yoyo,,z,us,0
ZAWGURN,ZAWGURN,,p,us,0
